{"loss": [0.015461285963264883, 0.007479401383720034, 0.007361511284680277, 0.007090434344124277, 0.007066101980946806, 0.006938621061450175, 0.006876421182972322, 0.007035224471592857, 0.0069556652915150835, 0.0068904001287146644], "val_loss": [0.001322418006814339, 0.0014380304227498445, 0.0013745516771450639, 0.0012309957528486848, 0.001291235300331292, 0.0013179033359682019, 0.0012666925851424987, 0.0013763841178098862, 0.0013094230089336634, 0.001340085958045992]}