{"loss": [0.014215397890847253, 0.00746091925396527, 0.007257958570001077, 0.007046957998607802, 0.006961066876324274, 0.0069278753992189105, 0.006812687735762257, 0.006832173280655502, 0.006941308221679979, 0.006838479245613728], "val_loss": [0.001238556906834922, 0.0013571126936850223, 0.0013180590890855951, 0.001112803589256311, 0.0012358177283948119, 0.0014440394112501633, 0.0012429634860547428, 0.0012532882021994076, 0.0012734270527620208, 0.001175531535409391]}