{"loss": [0.01704496830316945, 0.007413537982181285, 0.007162838698512095, 0.007137556700511094, 0.0070347342728066965, 0.007015717812167595, 0.006864138865517928, 0.006843248354294813, 0.006842056554813432, 0.006881437411980836], "val_loss": [0.001598843839019537, 0.0013190831417556512, 0.001540666922334243, 0.0014421437041495335, 0.0014171090442687273, 0.0014228570507839322, 0.0013714699360372667, 0.0014224791983989153, 0.0014506797094575384, 0.0013931510885330763]}