{"loss": [0.016106980349108273, 0.0075437262023523525, 0.007297808246815349, 0.007009272916807926, 0.007110794674134718, 0.006918385589248215, 0.006960382193863886, 0.0069543015849135095, 0.00699626354023111, 0.006881976635872425], "val_loss": [0.0015109540809961882, 0.001477757722816684, 0.0013714260527525437, 0.001354864692654122, 0.0013315864330665631, 0.0012638859387317841, 0.0014258323724127629, 0.0013764194657348773, 0.0013834765202111819, 0.0013949807987294414]}