{"loss": [0.12123982000107668, 0.05788389583859516, 0.02628078213797844, 0.01580287492358867, 0.014137555887846619, 0.013195188207627863, 0.013123381730853294, 0.013077553865328734, 0.013079645867668549, 0.013175440180039376], "val_loss": [0.09488401155580174, 0.039542891762473366, 0.014699828133664349, 0.006761986211958257, 0.004200140776282007, 0.00321869674900716, 0.0029027328657155686, 0.0026710021775215864, 0.002706968797032129, 0.0026699017564004116]}