{"loss": [0.014581077079982402, 0.007336344394704555, 0.007289950504818247, 0.007213867741057231, 0.007209245214709176, 0.0071455460862608206, 0.006957191064578424, 0.006989570269218589, 0.006766634201215181, 0.006818980872761744], "val_loss": [0.0012542410880665887, 0.001424171178686348, 0.0013174020939252593, 0.0012030668334442783, 0.0012628446036780422, 0.0012160084972327406, 0.001292044032280418, 0.0013508590001782234, 0.0013789693634449081, 0.001276878999884833]}